topic_id,name,category,subcategory,opened,rendered,scrolled,reopened,controls_seen,controls_attempted,control_labels,slider_count,canvas_drag,canvas_tap_attempted,canvas_tap_changed,crash,seconds,error
reinforcement-learning-fundamentals-state,State,Reinforcement Learning,Fundamentals,True,True,True,False,18,18,Reset; Previous; Next; Auto; slider; ↑; →; ↓; ←; Reset; Previous; Next; Pause; slider; ↑; →; ↓; ←,2,False,False,False,False,50.79,
reinforcement-learning-fundamentals-action,Action,Reinforcement Learning,Fundamentals,True,True,True,False,18,18,Reset; Previous; Next; Auto; slider; ↑; →; ↓; ←; Reset; Previous; Next; Pause; slider; ↑; →; ↓; ←,2,False,False,False,False,53.7,
reinforcement-learning-fundamentals-reward,Reward,Reinforcement Learning,Fundamentals,True,True,True,False,18,18,Reset; Previous; Next; Auto; slider; ↑; →; ↓; ←; Reset; Previous; Next; Pause; slider; ↑; →; ↓; ←,2,False,False,False,False,49.69,
reinforcement-learning-fundamentals-policy,Policy,Reinforcement Learning,Fundamentals,True,True,True,False,18,18,Reset; Previous; Next; Auto; slider; ↑; →; ↓; ←; Reset; Previous; Next; Pause; slider; ↑; →; ↓; ←,2,False,False,False,False,53.44,
reinforcement-learning-fundamentals-value-function,Value Function,Reinforcement Learning,Fundamentals,True,True,True,False,18,18,Reset; Previous; Next; Auto; slider; ↑; →; ↓; ←; Reset; Previous; Next; Pause; slider; ↑; →; ↓; ←,2,False,False,False,False,45.92,
reinforcement-learning-classical-rl-multi-armed-bandit,Multi-Armed Bandit,Reinforcement Learning,Classical RL,True,True,True,False,18,18,Reset; Previous; Next; Auto; slider; ↑; →; ↓; ←; Reset; Previous; Next; Pause; slider; ↑; →; ↓; ←,2,False,False,False,False,47.51,
reinforcement-learning-classical-rl-dynamic-programming,Dynamic Programming,Reinforcement Learning,Classical RL,True,True,True,False,18,18,Reset; Previous; Next; Auto; slider; ↑; →; ↓; ←; Reset; Previous; Next; Pause; slider; ↑; →; ↓; ←,2,False,False,False,False,63.32,
reinforcement-learning-classical-rl-monte-carlo-learning,Monte Carlo Learning,Reinforcement Learning,Classical RL,True,True,True,False,18,18,Reset; Previous; Next; Auto; slider; ↑; →; ↓; ←; Reset; Previous; Next; Pause; slider; ↑; →; ↓; ←,2,False,False,False,False,64.13,
reinforcement-learning-classical-rl-temporal-difference-learning,Temporal Difference Learning,Reinforcement Learning,Classical RL,True,True,True,False,18,18,Reset; Previous; Next; Auto; slider; ↑; →; ↓; ←; Reset; Previous; Next; Pause; slider; ↑; →; ↓; ←,2,False,False,False,False,57.67,
reinforcement-learning-classical-rl-expected-sarsa,Expected SARSA,Reinforcement Learning,Classical RL,True,True,True,False,9,9,Reset; Previous; Next; Auto; slider; ↑; →; ↓; ←,1,False,False,False,False,46.87,
reinforcement-learning-deep-reinforcement-learning-deep-q-network,Deep Q-Network,Reinforcement Learning,Deep Reinforcement Learning,True,True,True,False,18,18,Reset; Previous; Next; Auto; slider; ↑; →; ↓; ←; Reset; Previous; Next; Pause; slider; ↑; →; ↓; ←,2,False,False,False,False,49.47,
reinforcement-learning-deep-reinforcement-learning-double-dqn,Double DQN,Reinforcement Learning,Deep Reinforcement Learning,True,True,True,False,18,18,Reset; Previous; Next; Auto; slider; ↑; →; ↓; ←; Reset; Previous; Next; Pause; slider; ↑; →; ↓; ←,2,False,False,False,False,51.39,
reinforcement-learning-deep-reinforcement-learning-dueling-dqn,Dueling DQN,Reinforcement Learning,Deep Reinforcement Learning,True,True,True,False,18,18,Reset; Previous; Next; Auto; slider; ↑; →; ↓; ←; Reset; Previous; Next; Pause; slider; ↑; →; ↓; ←,2,False,False,False,False,51.4,
reinforcement-learning-deep-reinforcement-learning-reinforce,REINFORCE,Reinforcement Learning,Deep Reinforcement Learning,True,True,True,False,18,18,Reset; Previous; Next; Auto; slider; ↑; →; ↓; ←; Reset; Previous; Next; Pause; slider; ↑; →; ↓; ←,2,False,False,False,False,66.79,
reinforcement-learning-deep-reinforcement-learning-policy-gradient,Policy Gradient,Reinforcement Learning,Deep Reinforcement Learning,True,True,True,False,18,18,Reset; Previous; Next; Auto; slider; ↑; →; ↓; ←; Reset; Previous; Next; Pause; slider; ↑; →; ↓; ←,2,False,False,False,False,41.91,
reinforcement-learning-deep-reinforcement-learning-actor-critic,Actor-Critic,Reinforcement Learning,Deep Reinforcement Learning,True,True,True,False,18,18,Reset; Previous; Next; Auto; slider; ↑; →; ↓; ←; Reset; Previous; Next; Pause; slider; ↑; →; ↓; ←,2,False,False,False,False,44.69,
reinforcement-learning-deep-reinforcement-learning-a2c,A2C,Reinforcement Learning,Deep Reinforcement Learning,True,True,True,False,18,18,Reset; Previous; Next; Auto; slider; ↑; →; ↓; ←; Reset; Previous; Next; Pause; slider; ↑; →; ↓; ←,2,False,False,False,False,44.38,
reinforcement-learning-deep-reinforcement-learning-a3c,A3C,Reinforcement Learning,Deep Reinforcement Learning,True,True,True,False,18,18,Reset; Previous; Next; Auto; slider; ↑; →; ↓; ←; Reset; Previous; Next; Pause; slider; ↑; →; ↓; ←,2,False,False,False,False,48.78,
reinforcement-learning-deep-reinforcement-learning-ddpg,DDPG,Reinforcement Learning,Deep Reinforcement Learning,True,True,True,False,18,18,Reset; Previous; Next; Auto; slider; ↑; →; ↓; ←; Reset; Previous; Next; Pause; slider; ↑; →; ↓; ←,2,False,False,False,False,45.02,
reinforcement-learning-deep-reinforcement-learning-td3,TD3,Reinforcement Learning,Deep Reinforcement Learning,True,True,True,False,18,18,Reset; Previous; Next; Auto; slider; ↑; →; ↓; ←; Reset; Previous; Next; Pause; slider; ↑; →; ↓; ←,2,False,False,False,False,44.18,
reinforcement-learning-deep-reinforcement-learning-ppo,PPO,Reinforcement Learning,Deep Reinforcement Learning,True,True,True,False,18,18,Reset; Previous; Next; Auto; slider; ↑; →; ↓; ←; Reset; Previous; Next; Pause; slider; ↑; →; ↓; ←,2,False,False,False,False,38.79,
reinforcement-learning-deep-reinforcement-learning-sac,SAC,Reinforcement Learning,Deep Reinforcement Learning,True,True,True,False,18,18,Reset; Previous; Next; Auto; slider; ↑; →; ↓; ←; Reset; Previous; Next; Pause; slider; ↑; →; ↓; ←,2,False,False,False,False,39.05,
reinforcement-learning-advanced-rl-model-based-reinforcement-learning,Model-Based Reinforcement Learning,Reinforcement Learning,Advanced RL,True,True,True,False,18,18,Reset; Previous; Next; Auto; slider; ↑; →; ↓; ←; Reset; Previous; Next; Pause; slider; ↑; →; ↓; ←,2,False,False,False,False,43.03,
reinforcement-learning-advanced-rl-multi-agent-reinforcement-learning,Multi-Agent Reinforcement Learning,Reinforcement Learning,Advanced RL,True,True,True,False,18,18,Reset; Previous; Next; Auto; slider; ↑; →; ↓; ←; Reset; Previous; Next; Pause; slider; ↑; →; ↓; ←,2,False,False,False,False,41.05,
reinforcement-learning-advanced-rl-hierarchical-reinforcement-learning,Hierarchical Reinforcement Learning,Reinforcement Learning,Advanced RL,True,True,True,False,18,18,Reset; Previous; Next; Auto; slider; ↑; →; ↓; ←; Reset; Previous; Next; Pause; slider; ↑; →; ↓; ←,2,False,False,False,False,47.76,
reinforcement-learning-advanced-rl-offline-reinforcement-learning,Offline Reinforcement Learning,Reinforcement Learning,Advanced RL,True,True,True,False,18,18,Reset; Previous; Next; Auto; slider; ↑; →; ↓; ←; Reset; Previous; Next; Pause; slider; ↑; →; ↓; ←,2,False,False,False,False,42.28,
reinforcement-learning-advanced-rl-imitation-learning,Imitation Learning,Reinforcement Learning,Advanced RL,True,True,True,False,18,18,Reset; Previous; Next; Auto; slider; ↑; →; ↓; ←; Reset; Previous; Next; Pause; slider; ↑; →; ↓; ←,2,False,False,False,False,43.92,
reinforcement-learning-advanced-rl-inverse-reinforcement-learning,Inverse Reinforcement Learning,Reinforcement Learning,Advanced RL,True,True,True,False,18,18,Reset; Previous; Next; Auto; slider; ↑; →; ↓; ←; Reset; Previous; Next; Pause; slider; ↑; →; ↓; ←,2,False,False,False,False,48.66,
natural-language-processing-classical-nlp-bag-of-words,Bag of Words,Natural Language Processing,Classical NLP,True,True,True,False,12,12,dog bites man; man bites dog; cat sits on mat; dog sits on rug; dog; bites; man; dog sits on rug; dog; sits; on; rug,0,False,False,False,False,36.22,
natural-language-processing-classical-nlp-tf-idf,TF-IDF,Natural Language Processing,Classical NLP,True,True,True,False,17,17,dog bites man; man bites dog; cat sits on mat; dog sits on rug; dog; bites; man; dog sits on rug; dog; sits; on; rug; dog sits on rug; dog; sits; on; rug,0,False,False,False,False,46.83,
natural-language-processing-classical-nlp-n-grams,N-Grams,Natural Language Processing,Classical NLP,True,True,True,False,13,13,dog bites man; man bites dog; cat sits on mat; dog sits on rug; dog; bites; man; dog sits on rug; dog; sits; on; rug; slider,1,False,False,False,False,35.0,
natural-language-processing-classical-nlp-naive-bayes-text-classification,Naive Bayes Text Classification,Natural Language Processing,Classical NLP,True,True,True,False,12,12,free money offer; meeting project report; free project report; money meeting offer; free; money; offer; free project report; money meeting offer; money; meeting; offer,0,False,False,False,False,36.69,
natural-language-processing-classical-nlp-conditional-random-fields,Conditional Random Fields,Natural Language Processing,Classical NLP,True,True,True,False,14,14,John lives in Hyderabad; Mary works in Delhi; Alice moved to Mumbai; Bob lives in Pune; John; lives; in; Hyderabad; Alice moved to Mumbai; Bob lives in Pune; Bob; lives; in; Pune,0,False,False,False,False,38.9,
natural-language-processing-word-representation-word2vec,Word2Vec,Natural Language Processing,Word Representation,True,True,True,False,6,6,king; queen; man; woman; dog; cat,0,False,False,False,False,28.06,
natural-language-processing-word-representation-cbow,CBOW,Natural Language Processing,Word Representation,True,True,True,False,15,15,the cat sat on mat; the dog ran in park; birds fly over trees; small cats play outside; the; cat; sat; on; mat; birds fly over trees; small cats play outside; small; cats; play; outside,0,False,False,False,False,38.54,
natural-language-processing-word-representation-skip-gram,Skip-Gram,Natural Language Processing,Word Representation,True,True,True,False,15,15,the cat sat on mat; the dog ran in park; birds fly over trees; small cats play outside; the; cat; sat; on; mat; birds fly over trees; small cats play outside; small; cats; play; outside,0,False,False,False,False,37.78,
natural-language-processing-word-representation-glove,GloVe,Natural Language Processing,Word Representation,True,True,True,False,4,4,dog; cat; bites; sits,0,False,False,False,False,36.32,
natural-language-processing-word-representation-fasttext,FastText,Natural Language Processing,Word Representation,True,True,True,False,6,6,playing; played; player; playful; playing; playful,0,False,False,False,False,34.57,
natural-language-processing-neural-nlp-rnn,RNN,Natural Language Processing,Neural NLP,True,True,True,False,14,14,The; cat; sat; on; the; mat; slider; The; cat; sat; on; the; mat; slider,2,False,False,False,False,35.97,
natural-language-processing-neural-nlp-lstm,LSTM,Natural Language Processing,Neural NLP,True,True,True,False,14,14,The; cat; sat; on; the; mat; slider; The; cat; sat; on; the; mat; slider,2,False,False,False,False,36.88,
natural-language-processing-neural-nlp-gru,GRU,Natural Language Processing,Neural NLP,True,True,True,False,14,14,The; cat; sat; on; the; mat; slider; The; cat; sat; on; the; mat; slider,2,False,False,False,False,34.8,
natural-language-processing-neural-nlp-seq2seq,Seq2Seq,Natural Language Processing,Neural NLP,True,True,True,False,8,8,The; cat; sat; on; the; mat; slider; slider,2,False,False,False,False,45.66,
natural-language-processing-neural-nlp-attention,Attention,Natural Language Processing,Neural NLP,True,True,True,False,14,14,The; cat; sat; on; the; mat; slider; The; cat; sat; on; the; mat; slider,2,False,False,False,False,51.82,
natural-language-processing-neural-nlp-transformer,Transformer,Natural Language Processing,Neural NLP,True,True,True,False,20,20,The; cat; sat; on; the; mat; The; cat; sat; on; the; mat; slider; The; cat; sat; on; the; mat; slider,2,False,False,False,False,59.49,
natural-language-processing-neural-nlp-bert,BERT,Natural Language Processing,Neural NLP,True,True,True,False,9,9,[CLS]; The; cat; [MASK]; on; the; mat; slider; slider,2,False,False,False,False,44.11,
natural-language-processing-neural-nlp-gpt,GPT,Natural Language Processing,Neural NLP,True,True,True,False,8,8,The; cat; sat; on; the; mat; slider; slider,2,False,False,False,False,42.57,
natural-language-processing-neural-nlp-t5,T5,Natural Language Processing,Neural NLP,True,True,True,False,9,9,summarize:; The; cat; sat; on; the; mat; slider; slider,2,False,False,False,False,42.8,
computer-vision-vision-tasks-and-models-image-classification,Image Classification,Computer Vision,Vision Tasks and Models,True,True,True,False,2,2,Try next shape; Try next shape,0,False,True,True,False,40.91,
computer-vision-vision-tasks-and-models-cnn,CNN,Computer Vision,Vision Tasks and Models,True,True,True,False,2,2,Slide kernel; Slide kernel,0,False,True,True,False,37.6,
computer-vision-vision-tasks-and-models-object-detection,Object Detection,Computer Vision,Vision Tasks and Models,True,True,True,False,2,2,slider; slider,2,False,True,False,False,40.17,
