topic_id,name,category,subcategory,opened,rendered,scrolled,reopened,controls_seen,controls_attempted,control_labels,slider_count,canvas_drag,canvas_tap_changed,crash,seconds,error
computer-vision-vision-tasks-and-models-r-cnn,R-CNN,Computer Vision,Vision Tasks and Models,True,True,True,False,2,2,slider; slider,2,False,False,False,60.56,
computer-vision-vision-tasks-and-models-fast-r-cnn,Fast R-CNN,Computer Vision,Vision Tasks and Models,True,True,True,False,2,2,slider; slider,2,False,False,False,58.19,
computer-vision-vision-tasks-and-models-faster-r-cnn,Faster R-CNN,Computer Vision,Vision Tasks and Models,True,True,True,False,1,1,slider,1,False,False,False,59.42,
computer-vision-vision-tasks-and-models-ssd,SSD,Computer Vision,Vision Tasks and Models,True,True,True,False,2,2,slider; slider,2,False,False,False,73.52,
computer-vision-vision-tasks-and-models-yolo,YOLO,Computer Vision,Vision Tasks and Models,True,True,True,False,2,2,slider; slider,2,False,False,False,67.59,
computer-vision-vision-tasks-and-models-retinanet,RetinaNet,Computer Vision,Vision Tasks and Models,True,True,True,False,1,1,slider,1,False,False,False,65.55,
computer-vision-vision-tasks-and-models-semantic-segmentation,Semantic Segmentation,Computer Vision,Vision Tasks and Models,True,True,True,False,0,0,,0,False,True,False,51.72,
computer-vision-vision-tasks-and-models-u-net,U-Net,Computer Vision,Vision Tasks and Models,True,True,True,False,0,0,,0,False,True,False,50.18,
computer-vision-vision-tasks-and-models-mask-r-cnn,Mask R-CNN,Computer Vision,Vision Tasks and Models,True,True,True,False,2,2,slider; slider,2,False,False,False,66.25,
computer-vision-vision-tasks-and-models-instance-segmentation,Instance Segmentation,Computer Vision,Vision Tasks and Models,True,True,True,False,0,0,,0,False,True,False,51.43,
computer-vision-vision-tasks-and-models-pose-estimation,Pose Estimation,Computer Vision,Vision Tasks and Models,True,True,True,False,0,0,,0,False,True,False,51.27,
computer-vision-vision-tasks-and-models-vision-transformer,Vision Transformer,Computer Vision,Vision Tasks and Models,True,True,True,False,0,0,,0,False,True,False,58.76,
computer-vision-vision-tasks-and-models-image-embeddings,Image Embeddings,Computer Vision,Vision Tasks and Models,True,True,True,False,0,0,,0,False,True,False,67.57,
computer-vision-vision-tasks-and-models-image-similarity,Image Similarity,Computer Vision,Vision Tasks and Models,True,True,True,False,0,0,,0,False,True,False,69.09,
time-series-algorithms-forecasting-moving-average,Moving Average,Time-Series Algorithms,Forecasting,True,True,True,False,8,8,slider; slider; slider; New deterministic series; slider; slider; slider; New deterministic series,6,False,False,False,70.35,
time-series-algorithms-forecasting-exponential-smoothing,Exponential Smoothing,Time-Series Algorithms,Forecasting,True,True,True,False,9,9,slider; slider; slider; slider; New deterministic series; slider; slider; slider; New deterministic series,7,False,False,False,61.7,
time-series-algorithms-forecasting-holt-s-method,Holt's Method,Time-Series Algorithms,Forecasting,True,True,True,False,8,8,slider; slider; slider; New deterministic series; slider; slider; slider; New deterministic series,6,False,False,False,74.66,
time-series-algorithms-forecasting-holt-winters,Holt-Winters,Time-Series Algorithms,Forecasting,True,True,True,False,3,3,slider; slider; slider,3,False,False,False,70.2,
time-series-algorithms-forecasting-ar,AR,Time-Series Algorithms,Forecasting,True,True,True,False,8,8,slider; slider; slider; New deterministic series; slider; slider; slider; New deterministic series,6,False,False,False,106.55,
time-series-algorithms-forecasting-ma,MA,Time-Series Algorithms,Forecasting,True,True,True,False,4,4,slider; slider; slider; New deterministic series,3,False,False,False,108.06,
time-series-algorithms-forecasting-arma,ARMA,Time-Series Algorithms,Forecasting,False,False,False,False,0,0,,0,False,False,False,23.85,UI hierarchy was not refreshed
time-series-algorithms-forecasting-arima,ARIMA,Time-Series Algorithms,Forecasting,True,True,True,False,5,5,slider; slider; slider; slider; slider,5,False,False,False,90.38,
time-series-algorithms-forecasting-sarima,SARIMA,Time-Series Algorithms,Forecasting,True,True,True,False,7,7,slider; slider; slider; slider; slider; slider; New deterministic series,6,False,False,False,96.76,
time-series-algorithms-forecasting-var,VAR,Time-Series Algorithms,Forecasting,True,True,True,False,7,7,slider; slider; slider; slider; slider; slider; New deterministic series,6,False,False,False,95.19,
time-series-algorithms-forecasting-state-space-models,State-Space Models,Time-Series Algorithms,Forecasting,True,True,True,False,3,3,slider; slider; slider,3,False,False,False,92.81,
time-series-algorithms-forecasting-kalman-filter,Kalman Filter,Time-Series Algorithms,Forecasting,True,True,True,False,4,4,slider; slider; slider; New deterministic series,3,False,False,False,105.49,
time-series-algorithms-forecasting-prophet-style-forecasting,Prophet-style Forecasting,Time-Series Algorithms,Forecasting,True,True,True,False,4,4,slider; slider; slider; New deterministic series,3,False,False,False,2000.06,
time-series-algorithms-forecasting-lstm-forecasting,LSTM Forecasting,Time-Series Algorithms,Forecasting,True,True,True,False,8,8,slider; slider; slider; New deterministic series; slider; slider; slider; New deterministic series,6,False,False,False,96.28,
time-series-algorithms-forecasting-gru-forecasting,GRU Forecasting,Time-Series Algorithms,Forecasting,True,True,True,False,4,4,slider; slider; slider; New deterministic series,3,False,False,False,85.53,
time-series-algorithms-forecasting-temporal-cnn,Temporal CNN,Time-Series Algorithms,Forecasting,True,True,True,False,8,8,slider; slider; slider; New deterministic series; slider; slider; slider; New deterministic series,6,False,False,False,104.26,
time-series-algorithms-forecasting-transformer-based-forecasting,Transformer-based Forecasting,Time-Series Algorithms,Forecasting,True,True,True,False,4,4,slider; slider; slider; New deterministic series,3,False,False,False,102.12,
probabilistic-bayesian-learning-probability-models-bayes-theorem,Bayes Theorem,Probabilistic & Bayesian Learning,Probability Models,True,True,True,False,14,14,Reset; Previous; Next; Auto; Reset; Previous; Next; Pause; slider; Reset; Previous; Next; Pause; slider,2,False,False,False,70.74,
probabilistic-bayesian-learning-probability-models-bayesian-inference,Bayesian Inference,Probabilistic & Bayesian Learning,Probability Models,True,True,True,False,14,14,Reset; Previous; Next; Auto; Reset; Previous; Next; Pause; slider; Reset; Previous; Next; Pause; slider,2,False,False,False,64.75,
probabilistic-bayesian-learning-probability-models-maximum-likelihood-estimation,Maximum Likelihood Estimation,Probabilistic & Bayesian Learning,Probability Models,True,True,True,False,15,15,Reset; Previous; Next; Auto; slider; Reset; Previous; Next; Pause; slider; Reset; Previous; Next; Pause; slider,3,False,False,False,64.4,
probabilistic-bayesian-learning-probability-models-maximum-a-posteriori-estimation,Maximum A Posteriori Estimation,Probabilistic & Bayesian Learning,Probability Models,True,True,True,False,14,14,Reset; Previous; Next; Auto; Reset; Previous; Next; Pause; slider; Reset; Previous; Next; Pause; slider,2,False,False,False,66.92,
probabilistic-bayesian-learning-probability-models-bayesian-linear-regression,Bayesian Linear Regression,Probabilistic & Bayesian Learning,Probability Models,True,True,True,False,4,4,Linear + noise; Non-linear curve; Outliers; Perfect linear,0,False,False,False,66.11,
probabilistic-bayesian-learning-probability-models-hidden-markov-models,Hidden Markov Models,Probabilistic & Bayesian Learning,Probability Models,True,True,True,False,15,15,walk shop clean; shop walk clean; clean shop walk; walk walk shop; Forward; Viterbi; walk; shop; clean; walk walk shop; Forward; Viterbi; walk; walk; shop,0,False,False,False,77.18,
probabilistic-bayesian-learning-probability-models-gaussian-mixture-models,Gaussian Mixture Models,Probabilistic & Bayesian Learning,Probability Models,False,False,False,False,0,0,,0,False,False,False,20.35,UI hierarchy was not refreshed
probabilistic-bayesian-learning-probability-models-gaussian-processes,Gaussian Processes,Probabilistic & Bayesian Learning,Probability Models,True,True,True,False,8,8,Linear + noise; Non-linear curve; Outliers; Perfect linear; Linear + noise; Non-linear curve; Outliers; Perfect linear,0,False,False,False,63.45,
probabilistic-bayesian-learning-probability-models-markov-chain-monte-carlo,Markov Chain Monte Carlo,Probabilistic & Bayesian Learning,Probability Models,False,False,False,False,0,0,,0,False,False,False,130.2,Visualization tab unavailable
probabilistic-bayesian-learning-probability-models-gibbs-sampling,Gibbs Sampling,Probabilistic & Bayesian Learning,Probability Models,False,False,False,False,0,0,,0,False,False,False,117.37,Wrong topic or lesson still displayed
probabilistic-bayesian-learning-probability-models-metropolis-hastings,Metropolis-Hastings,Probabilistic & Bayesian Learning,Probability Models,True,True,True,False,14,14,Reset; Previous; Next; Auto; Reset; Previous; Next; Pause; slider; Reset; Previous; Next; Pause; slider,2,False,False,False,85.45,
probabilistic-bayesian-learning-probability-models-variational-inference,Variational Inference,Probabilistic & Bayesian Learning,Probability Models,True,True,True,False,14,14,Reset; Previous; Next; Auto; Reset; Previous; Next; Pause; slider; Reset; Previous; Next; Pause; slider,2,False,False,False,85.7,
optimization-algorithms-optimizers-batch-gradient-descent,Batch Gradient Descent,Optimization Algorithms,Optimizers,True,True,True,False,0,0,,0,False,False,False,87.27,Visualization was left before frame 1
