topic_id,name,category,subcategory,opened,rendered,scrolled,reopened,controls_seen,controls_attempted,control_labels,slider_count,canvas_drag,crash,seconds,error
supervised-learning-classification-decision-tree,Decision Tree,Supervised Learning,Classification,True,True,True,True,4,4,Two clusters; Overlapping classes; XOR-like; Circular,0,True,False,53.08,
unsupervised-learning-dimensionality-reduction-pca,PCA,Unsupervised Learning,Dimensionality Reduction,True,True,True,True,7,7,Elongated; Circles; Moons; New dataset; New dataset; New dataset; New dataset,0,False,False,75.76,
deep-learning-convolutional-neural-networks-cnn,CNN,Deep Learning,Convolutional Neural Networks,True,True,True,True,12,12,Convolve; Feature Map; Pooling; Channels; Architecture; Convolve; Feature Map; Pooling; Channels; Architecture; slider; slider,2,False,False,66.9,
natural-language-processing-neural-nlp-seq2seq,Seq2Seq,Natural Language Processing,Neural NLP,True,True,True,True,14,14,The; cat; sat; on; the; mat; slider; The; cat; sat; on; the; mat; slider,2,False,False,61.38,
computer-vision-vision-tasks-and-models-cnn,CNN,Computer Vision,Vision Tasks and Models,True,True,True,True,4,4,Slide kernel; Slide kernel; Slide kernel; Slide kernel,0,False,False,71.81,
time-series-algorithms-forecasting-kalman-filter,Kalman Filter,Time-Series Algorithms,Forecasting,True,True,True,True,13,13,slider; slider; slider; slider; New deterministic series; slider; slider; slider; New deterministic series; slider; slider; slider; New deterministic series,10,False,False,129.47,
optimization-algorithms-optimizers-adamw,AdamW,Optimization Algorithms,Optimizers,True,True,True,True,10,10,Reset; Previous; Next; Auto; slider; Reset; Previous; Next; Pause; slider,2,False,False,130.34,
explainable-ai-explanation-methods-shap,SHAP,Explainable AI,Explanation Methods,True,True,True,True,8,8,Income; Debt; Age; slider; Income; Debt; Age; slider,2,False,False,96.51,
reinforcement-learning-classical-rl-sarsa,SARSA,Reinforcement Learning,Classical RL,True,True,True,True,27,27,Reset; Previous; Next; Auto; slider; ↑; →; ↓; ←; Reset; Previous; Next; Pause; slider; ↑; →; ↓; ←; Reset; Previous; Next; Pause; slider; ↑; →; ↓; ←,3,False,False,106.68,
