topic_id,name,width,height,body_stddev,body_colors,flags
supervised-learning-regression-simple-linear-regression,Simple Linear Regression,1080,2400,26.3,64,
supervised-learning-regression-multiple-linear-regression,Multiple Linear Regression,1080,2400,26.1,64,
supervised-learning-regression-polynomial-regression,Polynomial Regression,1080,2400,26.4,64,
supervised-learning-regression-ridge-regression,Ridge Regression,1080,2400,26.4,64,
supervised-learning-regression-lasso-regression,Lasso Regression,1080,2400,26.3,64,
supervised-learning-regression-elastic-net-regression,Elastic Net Regression,1080,2400,26.1,64,
supervised-learning-regression-logistic-regression,Logistic Regression,1080,2400,28.2,64,same_body_fingerprint
supervised-learning-regression-bayesian-linear-regression,Bayesian Linear Regression,1080,2400,27.0,64,same_body_fingerprint
supervised-learning-regression-quantile-regression,Quantile Regression,1080,2400,26.5,64,
supervised-learning-regression-robust-regression,Robust Regression,1080,2400,26.5,64,
supervised-learning-regression-support-vector-regression,Support Vector Regression,1080,2400,26.7,64,
supervised-learning-regression-decision-tree-regression,Decision Tree Regression,1080,2400,26.5,64,
supervised-learning-regression-random-forest-regression,Random Forest Regression,1080,2400,26.7,64,
supervised-learning-regression-extra-trees-regression,Extra Trees Regression,1080,2400,26.7,64,
supervised-learning-regression-gradient-boosting-regression,Gradient Boosting Regression,1080,2400,26.6,64,
supervised-learning-regression-adaboost-regression,AdaBoost Regression,1080,2400,26.6,64,
supervised-learning-regression-xgboost-regression,XGBoost Regression,1080,2400,26.5,64,
supervised-learning-regression-lightgbm-regression,LightGBM Regression,1080,2400,26.6,64,
supervised-learning-regression-catboost-regression,CatBoost Regression,1080,2400,26.6,64,
supervised-learning-regression-k-nearest-neighbors-regression,K-Nearest Neighbors Regression,1080,2400,26.5,64,
supervised-learning-regression-gaussian-process-regression,Gaussian Process Regression,1080,2400,27.1,64,same_body_fingerprint
supervised-learning-classification-logistic-regression,Logistic Regression,1080,2400,28.2,64,same_body_fingerprint
supervised-learning-classification-k-nearest-neighbors,K-Nearest Neighbors,1080,2400,26.5,64,
supervised-learning-classification-gaussian-naive-bayes,Gaussian Naive Bayes,1080,2400,29.0,64,
supervised-learning-classification-multinomial-naive-bayes,Multinomial Naive Bayes,1080,2400,35.3,64,
supervised-learning-classification-bernoulli-naive-bayes,Bernoulli Naive Bayes,1080,2400,35.8,64,
supervised-learning-classification-decision-tree,Decision Tree,1080,2400,25.9,64,
supervised-learning-classification-random-forest,Random Forest,1080,2400,27.8,64,same_body_fingerprint
supervised-learning-classification-extra-trees,Extra Trees,1080,2400,27.7,63,same_body_fingerprint
supervised-learning-classification-support-vector-machine,Support Vector Machine,1080,2400,27.2,64,
supervised-learning-classification-linear-discriminant-analysis,Linear Discriminant Analysis,1080,2400,28.0,64,
supervised-learning-classification-quadratic-discriminant-analysis,Quadratic Discriminant Analysis,1080,2400,30.7,64,
supervised-learning-classification-perceptron,Perceptron,1080,2400,26.3,64,same_body_fingerprint
supervised-learning-classification-sgd-classifier,SGD Classifier,1080,2400,26.3,64,
supervised-learning-classification-adaboost,AdaBoost,1080,2400,28.9,64,same_body_fingerprint
supervised-learning-classification-gradient-boosting,Gradient Boosting,1080,2400,25.6,64,same_body_fingerprint
supervised-learning-classification-xgboost,XGBoost,1080,2400,26.3,64,same_body_fingerprint
supervised-learning-classification-lightgbm,LightGBM,1080,2400,25.6,64,same_body_fingerprint
supervised-learning-classification-catboost,CatBoost,1080,2400,25.5,64,same_body_fingerprint
supervised-learning-classification-gaussian-process-classifier,Gaussian Process Classifier,1080,2400,26.5,64,
unsupervised-learning-clustering-k-means,K-Means,1080,2400,28.9,64,
unsupervised-learning-clustering-k-means-plus-plus,K-Means++,1080,2400,29.7,64,
unsupervised-learning-clustering-mini-batch-k-means,Mini-Batch K-Means,1080,2400,29.3,64,
unsupervised-learning-clustering-hierarchical-clustering,Hierarchical Clustering,1080,2400,31.1,64,
unsupervised-learning-clustering-agglomerative-clustering,Agglomerative Clustering,1080,2400,31.1,64,
unsupervised-learning-clustering-divisive-clustering,Divisive Clustering,1080,2400,23.5,64,
unsupervised-learning-clustering-dbscan,DBSCAN,1080,2400,28.0,64,
unsupervised-learning-clustering-hdbscan,HDBSCAN,1080,2400,27.7,64,
unsupervised-learning-clustering-optics,OPTICS,1080,2400,27.9,64,
unsupervised-learning-clustering-mean-shift,Mean Shift,1080,2400,28.5,64,
unsupervised-learning-clustering-gaussian-mixture-models,Gaussian Mixture Models,1080,2400,29.0,64,
unsupervised-learning-clustering-spectral-clustering,Spectral Clustering,1080,2400,26.8,64,
unsupervised-learning-clustering-birch,BIRCH,1080,2400,27.5,64,
unsupervised-learning-clustering-affinity-propagation,Affinity Propagation,1080,2400,28.0,63,
unsupervised-learning-clustering-fuzzy-c-means,Fuzzy C-Means,1080,2400,30.8,64,
unsupervised-learning-dimensionality-reduction-pca,PCA,1080,2400,24.9,64,
unsupervised-learning-dimensionality-reduction-kernel-pca,Kernel PCA,1080,2400,28.7,64,
unsupervised-learning-dimensionality-reduction-sparse-pca,Sparse PCA,1080,2400,28.7,64,
unsupervised-learning-dimensionality-reduction-incremental-pca,Incremental PCA,1080,2400,25.1,64,
unsupervised-learning-dimensionality-reduction-truncated-svd,Truncated SVD,1080,2400,43.2,63,
unsupervised-learning-dimensionality-reduction-factor-analysis,Factor Analysis,1080,2400,25.6,64,
unsupervised-learning-dimensionality-reduction-independent-component-analysis,Independent Component Analysis,1080,2400,30.5,64,
unsupervised-learning-dimensionality-reduction-t-sne,t-SNE,1080,2400,28.5,64,
unsupervised-learning-dimensionality-reduction-umap,UMAP,1080,2400,30.4,64,
unsupervised-learning-dimensionality-reduction-isomap,Isomap,1080,2400,27.4,64,
unsupervised-learning-dimensionality-reduction-locally-linear-embedding,Locally Linear Embedding,1080,2400,27.3,64,
unsupervised-learning-dimensionality-reduction-multidimensional-scaling,Multidimensional Scaling,1080,2400,25.0,63,
unsupervised-learning-dimensionality-reduction-autoencoder-based-reduction,Autoencoder-based Reduction,1080,2400,25.5,64,
unsupervised-learning-association-learning-apriori,Apriori,1080,2400,49.1,64,
unsupervised-learning-association-learning-fp-growth,FP-Growth,1080,2400,29.3,64,
unsupervised-learning-association-learning-eclat,ECLAT,1080,2400,28.6,63,
unsupervised-learning-association-learning-association-rule-mining,Association Rule Mining,1080,2400,44.1,64,
unsupervised-learning-anomaly-detection-isolation-forest,Isolation Forest,1080,2400,27.7,64,
unsupervised-learning-anomaly-detection-local-outlier-factor,Local Outlier Factor,1080,2400,29.4,64,
unsupervised-learning-anomaly-detection-one-class-svm,One-Class SVM,1080,2400,38.0,64,
unsupervised-learning-anomaly-detection-elliptic-envelope,Elliptic Envelope,1080,2400,33.5,64,
unsupervised-learning-anomaly-detection-autoencoder-anomaly-detection,Autoencoder Anomaly Detection,1080,2400,33.3,64,
unsupervised-learning-anomaly-detection-statistical-outlier-detection,Statistical Outlier Detection,1080,2400,39.1,64,
semi-supervised-learning-methods-self-training,Self-Training,1080,2400,33.8,64,
semi-supervised-learning-methods-label-propagation,Label Propagation,1080,2400,26.4,64,
semi-supervised-learning-methods-label-spreading,Label Spreading,1080,2400,36.1,64,
semi-supervised-learning-methods-co-training,Co-Training,1080,2400,33.8,64,
semi-supervised-learning-methods-pseudo-labelling,Pseudo-Labelling,1080,2400,33.9,64,
semi-supervised-learning-methods-consistency-regularization,Consistency Regularization,1080,2400,36.2,64,
semi-supervised-learning-methods-mean-teacher,Mean Teacher,1080,2400,36.1,64,
semi-supervised-learning-methods-fixmatch,FixMatch,1080,2400,40.8,64,
semi-supervised-learning-methods-mixmatch,MixMatch,1080,2400,36.1,64,
ensemble-learning-bagging-bagging,Bagging,1080,2400,28.7,64,
ensemble-learning-bagging-random-forest,Random Forest,1080,2400,27.8,64,same_body_fingerprint
ensemble-learning-bagging-extra-trees,Extra Trees,1080,2400,27.7,63,same_body_fingerprint
ensemble-learning-boosting-adaboost,AdaBoost,1080,2400,28.9,64,same_body_fingerprint
ensemble-learning-boosting-gradient-boosting,Gradient Boosting,1080,2400,25.6,64,same_body_fingerprint
ensemble-learning-boosting-xgboost,XGBoost,1080,2400,26.3,64,same_body_fingerprint
ensemble-learning-boosting-lightgbm,LightGBM,1080,2400,25.6,64,same_body_fingerprint
ensemble-learning-boosting-catboost,CatBoost,1080,2400,25.5,64,same_body_fingerprint
ensemble-learning-combining-models-voting,Voting,1080,2400,25.3,64,
ensemble-learning-combining-models-soft-voting,Soft Voting,1080,2400,25.9,64,
ensemble-learning-combining-models-hard-voting,Hard Voting,1080,2400,25.3,64,
ensemble-learning-combining-models-stacking,Stacking,1080,2400,25.8,64,
ensemble-learning-combining-models-blending,Blending,1080,2400,25.6,64,
deep-learning-neural-network-fundamentals-artificial-neuron,Artificial Neuron,1080,2400,40.1,64,
deep-learning-neural-network-fundamentals-perceptron,Perceptron,1080,2400,26.3,64,same_body_fingerprint
deep-learning-neural-network-fundamentals-multi-layer-perceptron,Multi-Layer Perceptron,1080,2400,31.7,64,same_body_fingerprint
deep-learning-neural-network-fundamentals-feedforward-neural-network,Feedforward Neural Network,1080,2400,31.7,64,same_body_fingerprint
deep-learning-neural-network-fundamentals-backpropagation,Backpropagation,1080,2400,19.1,64,
deep-learning-neural-network-fundamentals-gradient-descent,Gradient Descent,1080,2400,28.1,64,
deep-learning-neural-network-fundamentals-stochastic-gradient-descent,Stochastic Gradient Descent,1080,2400,28.1,64,
deep-learning-neural-network-fundamentals-mini-batch-gradient-descent,Mini-Batch Gradient Descent,1080,2400,28.2,64,
deep-learning-neural-network-fundamentals-activation-functions,Activation Functions,1080,2400,27.7,64,
deep-learning-neural-network-fundamentals-loss-functions,Loss Functions,1080,2400,28.5,64,
deep-learning-neural-network-fundamentals-weight-initialization,Weight Initialization,1080,2400,22.9,64,
deep-learning-neural-network-fundamentals-batch-normalization,Batch Normalization,1080,2400,29.8,64,
deep-learning-neural-network-fundamentals-layer-normalization,Layer Normalization,1080,2400,29.7,64,
deep-learning-neural-network-fundamentals-dropout,Dropout,1080,2400,24.5,63,
deep-learning-neural-network-fundamentals-regularization,Regularization,1080,2400,36.2,63,
deep-learning-convolutional-neural-networks-cnn,CNN,1080,2400,56.5,63,
deep-learning-convolutional-neural-networks-lenet,LeNet,1080,2400,35.1,64,
deep-learning-convolutional-neural-networks-alexnet,AlexNet,1080,2400,35.4,64,
deep-learning-convolutional-neural-networks-vgg,VGG,1080,2400,35.7,64,
deep-learning-convolutional-neural-networks-googlenet-inception,GoogLeNet / Inception,1080,2400,34.4,64,
deep-learning-convolutional-neural-networks-resnet,ResNet,1080,2400,33.7,64,
deep-learning-convolutional-neural-networks-densenet,DenseNet,1080,2400,34.3,64,
deep-learning-convolutional-neural-networks-mobilenet,MobileNet,1080,2400,35.4,64,
deep-learning-convolutional-neural-networks-efficientnet,EfficientNet,1080,2400,35.5,64,
deep-learning-convolutional-neural-networks-convnext,ConvNeXt,1080,2400,35.3,64,
deep-learning-sequence-models-recurrent-neural-network,Recurrent Neural Network,1080,2400,28.5,64,
deep-learning-sequence-models-bidirectional-rnn,Bidirectional RNN,1080,2400,28.5,64,
deep-learning-sequence-models-lstm,LSTM,1080,2400,41.1,63,
deep-learning-sequence-models-gru,GRU,1080,2400,35.6,64,
deep-learning-sequence-models-sequence-to-sequence,Sequence-to-Sequence,1080,2400,29.3,64,
deep-learning-sequence-models-encoder-decoder,Encoder-Decoder,1080,2400,29.2,64,
deep-learning-sequence-models-attention-mechanism,Attention Mechanism,1080,2400,33.2,64,
deep-learning-transformers-transformer,Transformer,1080,2400,35.9,64,same_body_fingerprint
deep-learning-transformers-self-attention,Self-Attention,1080,2400,24.1,63,
deep-learning-transformers-multi-head-attention,Multi-Head Attention,1080,2400,29.0,64,
deep-learning-transformers-positional-encoding,Positional Encoding,1080,2400,48.1,63,
deep-learning-transformers-encoder-transformer,Encoder Transformer,1080,2400,35.9,64,same_body_fingerprint
deep-learning-transformers-decoder-transformer,Decoder Transformer,1080,2400,53.9,64,
deep-learning-transformers-bert,BERT,1080,2400,31.9,63,
deep-learning-transformers-gpt-style-decoder-models,GPT-style Decoder Models,1080,2400,33.1,64,
deep-learning-transformers-t5,T5,1080,2400,38.9,64,same_body_fingerprint
deep-learning-transformers-vision-transformer,Vision Transformer,1080,2400,22.9,64,
deep-learning-transformers-swin-transformer,Swin Transformer,1080,2400,30.7,64,
deep-learning-autoencoders-basic-autoencoder,Basic Autoencoder,1080,2400,33.3,64,
deep-learning-autoencoders-sparse-autoencoder,Sparse Autoencoder,1080,2400,36.2,64,
deep-learning-autoencoders-denoising-autoencoder,Denoising Autoencoder,1080,2400,45.1,64,
deep-learning-autoencoders-convolutional-autoencoder,Convolutional Autoencoder,1080,2400,31.9,64,
deep-learning-autoencoders-variational-autoencoder,Variational Autoencoder,1080,2400,33.3,64,
deep-learning-generative-models-gan,GAN,1080,2400,44.4,64,
deep-learning-generative-models-dcgan,DCGAN,1080,2400,39.2,64,
deep-learning-generative-models-conditional-gan,Conditional GAN,1080,2400,35.6,64,
deep-learning-generative-models-cyclegan,CycleGAN,1080,2400,33.3,64,
deep-learning-generative-models-stylegan,StyleGAN,1080,2400,41.3,64,
deep-learning-generative-models-wasserstein-gan,Wasserstein GAN,1080,2400,35.2,64,
deep-learning-generative-models-variational-autoencoder,Variational Autoencoder,1080,2400,35.2,64,
deep-learning-generative-models-diffusion-models,Diffusion Models,1080,2400,43.4,64,
deep-learning-generative-models-latent-diffusion-models,Latent Diffusion Models,1080,2400,32.6,64,
deep-learning-graph-neural-networks-graph-neural-network,Graph Neural Network,1080,2400,19.2,63,
deep-learning-graph-neural-networks-graph-convolutional-network,Graph Convolutional Network,1080,2400,19.4,64,
deep-learning-graph-neural-networks-graph-attention-network,Graph Attention Network,1080,2400,20.3,64,
deep-learning-graph-neural-networks-graphsage,GraphSAGE,1080,2400,18.8,64,
deep-learning-graph-neural-networks-graph-autoencoder,Graph Autoencoder,1080,2400,23.8,64,
reinforcement-learning-fundamentals-agent,Agent,1080,2400,31.0,64,
reinforcement-learning-fundamentals-environment,Environment,1080,2400,32.2,64,
reinforcement-learning-fundamentals-state,State,1080,2400,32.3,64,
reinforcement-learning-fundamentals-action,Action,1080,2400,32.4,64,
reinforcement-learning-fundamentals-reward,Reward,1080,2400,31.8,64,
reinforcement-learning-fundamentals-policy,Policy,1080,2400,22.7,64,
reinforcement-learning-fundamentals-value-function,Value Function,1080,2400,22.9,64,
reinforcement-learning-fundamentals-markov-decision-process,Markov Decision Process Explorer,1080,2400,22.5,64,
reinforcement-learning-classical-rl-multi-armed-bandit,Multi-Armed Bandit,1080,2400,46.8,64,
reinforcement-learning-classical-rl-dynamic-programming,Dynamic Programming,1080,2400,22.9,64,same_body_fingerprint
reinforcement-learning-classical-rl-monte-carlo-learning,Monte Carlo Learning,1080,2400,46.3,64,
reinforcement-learning-classical-rl-temporal-difference-learning,Temporal Difference Learning,1080,2400,22.6,63,
reinforcement-learning-classical-rl-sarsa,SARSA Learning,1080,2400,44.8,64,
reinforcement-learning-classical-rl-q-learning,Q Learning,1080,2400,46.5,64,
reinforcement-learning-classical-rl-expected-sarsa,Expected SARSA,1080,2400,48.3,63,
reinforcement-learning-deep-reinforcement-learning-deep-q-network,Deep Q-Network,1080,2400,46.5,64,
reinforcement-learning-deep-reinforcement-learning-double-dqn,Double DQN,1080,2400,46.8,64,
reinforcement-learning-deep-reinforcement-learning-dueling-dqn,Dueling DQN,1080,2400,58.7,64,
reinforcement-learning-deep-reinforcement-learning-reinforce,REINFORCE,1080,2400,41.3,63,
reinforcement-learning-deep-reinforcement-learning-policy-gradient,Policy Gradient,1080,2400,41.2,64,
reinforcement-learning-deep-reinforcement-learning-actor-critic,Actor-Critic,1080,2400,41.2,63,
reinforcement-learning-deep-reinforcement-learning-a2c,A2C,1080,2400,41.4,63,
reinforcement-learning-deep-reinforcement-learning-a3c,A3C,1080,2400,41.4,63,
reinforcement-learning-deep-reinforcement-learning-ddpg,DDPG,1080,2400,17.7,63,
reinforcement-learning-deep-reinforcement-learning-td3,TD3,1080,2400,18.3,64,
reinforcement-learning-deep-reinforcement-learning-ppo,PPO,1080,2400,17.7,64,
reinforcement-learning-deep-reinforcement-learning-sac,SAC,1080,2400,17.8,64,
reinforcement-learning-advanced-rl-model-based-reinforcement-learning,Model-Based Reinforcement Learning,1080,2400,53.5,64,
reinforcement-learning-advanced-rl-multi-agent-reinforcement-learning,Multi-Agent Reinforcement Learning,1080,2400,27.1,63,
reinforcement-learning-advanced-rl-hierarchical-reinforcement-learning,Hierarchical Reinforcement Learning,1080,2400,52.7,63,
reinforcement-learning-advanced-rl-offline-reinforcement-learning,Offline Reinforcement Learning,1080,2400,46.7,63,
reinforcement-learning-advanced-rl-imitation-learning,Imitation Learning,1080,2400,30.2,64,
reinforcement-learning-advanced-rl-inverse-reinforcement-learning,Inverse Reinforcement Learning,1080,2400,30.3,64,
natural-language-processing-classical-nlp-bag-of-words,Bag of Words,1080,2400,33.3,64,
natural-language-processing-classical-nlp-tf-idf,TF-IDF,1080,2400,35.2,64,
natural-language-processing-classical-nlp-n-grams,N-Grams,1080,2400,34.9,64,
natural-language-processing-classical-nlp-naive-bayes-text-classification,Naive Bayes Text Classification,1080,2400,38.7,64,
natural-language-processing-classical-nlp-hidden-markov-models,Hidden Markov Model – Forward & Viterbi Algorithms,1080,2400,40.1,64,
natural-language-processing-classical-nlp-conditional-random-fields,Conditional Random Fields,1080,2400,35.7,64,
natural-language-processing-word-representation-word2vec,Word2Vec,1080,2400,29.5,64,
natural-language-processing-word-representation-cbow,CBOW,1080,2400,38.0,64,
natural-language-processing-word-representation-skip-gram,Skip-Gram,1080,2400,34.6,64,
natural-language-processing-word-representation-glove,GloVe,1080,2400,20.7,64,
natural-language-processing-word-representation-fasttext,FastText,1080,2400,35.4,64,
natural-language-processing-neural-nlp-rnn,RNN,1080,2400,25.4,64,
natural-language-processing-neural-nlp-lstm,LSTM,1080,2400,24.8,64,
natural-language-processing-neural-nlp-gru,GRU,1080,2400,25.3,64,
natural-language-processing-neural-nlp-seq2seq,Seq2Seq,1080,2400,22.7,64,
natural-language-processing-neural-nlp-attention,Attention,1080,2400,38.4,64,
natural-language-processing-neural-nlp-transformer,Transformer,1080,2400,33.9,63,
natural-language-processing-neural-nlp-bert,BERT,1080,2400,31.9,63,
natural-language-processing-neural-nlp-gpt,GPT,1080,2400,33.1,64,
natural-language-processing-neural-nlp-t5,T5,1080,2400,38.9,64,same_body_fingerprint
computer-vision-vision-tasks-and-models-image-classification,Image Classification,1080,2400,32.9,63,
computer-vision-vision-tasks-and-models-cnn,CNN,1080,2400,16.4,64,
computer-vision-vision-tasks-and-models-object-detection,Object Detection,1080,2400,17.6,64,
computer-vision-vision-tasks-and-models-r-cnn,R-CNN,1080,2400,18.1,63,
computer-vision-vision-tasks-and-models-fast-r-cnn,Fast R-CNN,1080,2400,18.2,63,
computer-vision-vision-tasks-and-models-faster-r-cnn,Faster R-CNN,1080,2400,18.5,63,
computer-vision-vision-tasks-and-models-ssd,SSD,1080,2400,18.5,63,
computer-vision-vision-tasks-and-models-yolo,YOLO,1080,2400,18.3,64,
computer-vision-vision-tasks-and-models-retinanet,RetinaNet,1080,2400,21.8,64,
computer-vision-vision-tasks-and-models-semantic-segmentation,Semantic Segmentation,1080,2400,40.7,64,
computer-vision-vision-tasks-and-models-u-net,U-Net,1080,2400,27.7,64,
computer-vision-vision-tasks-and-models-mask-r-cnn,Mask R-CNN,1080,2400,29.0,64,
computer-vision-vision-tasks-and-models-instance-segmentation,Instance Segmentation,1080,2400,29.2,62,
computer-vision-vision-tasks-and-models-pose-estimation,Pose Estimation,1080,2400,16.9,63,
computer-vision-vision-tasks-and-models-vision-transformer,Vision Transformer,1080,2400,22.9,64,
computer-vision-vision-tasks-and-models-image-embeddings,Image Embeddings,1080,2400,17.6,64,
computer-vision-vision-tasks-and-models-image-similarity,Image Similarity,1080,2400,17.5,64,
time-series-algorithms-forecasting-moving-average,Moving Average,1080,2400,16.8,64,
time-series-algorithms-forecasting-exponential-smoothing,Exponential Smoothing,1080,2400,24.8,64,
time-series-algorithms-forecasting-holt-s-method,Holt's Method,1080,2400,16.6,64,
time-series-algorithms-forecasting-holt-winters,Holt-Winters,1080,2400,16.6,64,
time-series-algorithms-forecasting-ar,AR,1080,2400,16.1,64,
time-series-algorithms-forecasting-ma,MA,1080,2400,16.0,64,
time-series-algorithms-forecasting-arma,ARMA,1080,2400,16.5,64,
time-series-algorithms-forecasting-arima,ARIMA,1080,2400,16.6,63,
time-series-algorithms-forecasting-sarima,SARIMA,1080,2400,16.5,64,
time-series-algorithms-forecasting-var,VAR,1080,2400,16.5,64,
time-series-algorithms-forecasting-state-space-models,State-Space Models,1080,2400,16.1,64,
time-series-algorithms-forecasting-kalman-filter,Kalman Filter,1080,2400,16.2,64,
time-series-algorithms-forecasting-prophet-style-forecasting,Prophet-style Forecasting,1080,2400,16.8,64,
time-series-algorithms-forecasting-lstm-forecasting,LSTM Forecasting,1080,2400,16.8,64,
time-series-algorithms-forecasting-gru-forecasting,GRU Forecasting,1080,2400,17.3,64,
time-series-algorithms-forecasting-temporal-cnn,Temporal CNN,1080,2400,15.8,64,
time-series-algorithms-forecasting-transformer-based-forecasting,Transformer-based Forecasting,1080,2400,16.1,64,
probabilistic-bayesian-learning-probability-models-bayes-theorem,Bayes Theorem,1080,2400,41.5,63,
probabilistic-bayesian-learning-probability-models-bayesian-inference,Bayesian Inference,1080,2400,17.2,64,
probabilistic-bayesian-learning-probability-models-maximum-likelihood-estimation,Maximum Likelihood Estimation,1080,2400,24.5,64,
probabilistic-bayesian-learning-probability-models-maximum-a-posteriori-estimation,Maximum A Posteriori Estimation,1080,2400,18.8,64,
probabilistic-bayesian-learning-probability-models-bayesian-linear-regression,Bayesian Linear Regression,1080,2400,27.0,64,same_body_fingerprint
probabilistic-bayesian-learning-probability-models-bayesian-networks,Construction of Bayesian Network,1080,2400,22.1,64,
probabilistic-bayesian-learning-probability-models-hidden-markov-models,Hidden Markov Models,1080,2400,40.1,64,
probabilistic-bayesian-learning-probability-models-gaussian-mixture-models,Gaussian Mixture Models,1080,2400,29.0,64,
probabilistic-bayesian-learning-probability-models-gaussian-processes,Gaussian Processes,1080,2400,27.1,64,same_body_fingerprint
probabilistic-bayesian-learning-probability-models-markov-chain-monte-carlo,Markov Chain Monte Carlo,1080,2400,49.8,62,
probabilistic-bayesian-learning-probability-models-gibbs-sampling,Gibbs Sampling,1080,2400,17.2,64,
probabilistic-bayesian-learning-probability-models-metropolis-hastings,Metropolis-Hastings,1080,2400,17.2,64,
probabilistic-bayesian-learning-probability-models-variational-inference,Variational Inference,1080,2400,17.4,64,
optimization-algorithms-optimizers-batch-gradient-descent,Batch Gradient Descent,1080,2400,18.1,64,
optimization-algorithms-optimizers-stochastic-gradient-descent,Stochastic Gradient Descent,1080,2400,18.2,64,
optimization-algorithms-optimizers-mini-batch-gradient-descent,Mini-Batch Gradient Descent,1080,2400,18.4,64,
optimization-algorithms-optimizers-momentum,Momentum,1080,2400,18.1,64,
optimization-algorithms-optimizers-nesterov-momentum,Nesterov Momentum,1080,2400,18.3,64,
optimization-algorithms-optimizers-adagrad,AdaGrad,1080,2400,18.3,64,
optimization-algorithms-optimizers-rmsprop,RMSProp,1080,2400,18.5,64,
optimization-algorithms-optimizers-adam,Adam,1080,2400,18.0,64,
optimization-algorithms-optimizers-adamw,AdamW,1080,2400,18.1,64,
optimization-algorithms-optimizers-nadam,Nadam,1080,2400,18.1,64,
optimization-algorithms-optimizers-learning-rate-scheduling,Learning Rate Scheduling,1080,2400,18.1,64,
optimization-algorithms-optimizers-coordinate-descent,Coordinate Descent,1080,2400,17.8,64,
optimization-algorithms-optimizers-newton-s-method,Newton's Method,1080,2400,18.1,64,
optimization-algorithms-optimizers-quasi-newton-bfgs,Quasi-Newton / BFGS,1080,2400,18.4,63,
optimization-algorithms-optimizers-l-bfgs,L-BFGS,1080,2400,18.4,64,
evolutionary-algorithms-nature-inspired-methods-genetic-algorithm,Genetic Algorithm,1080,2400,50.2,64,
evolutionary-algorithms-nature-inspired-methods-genetic-programming,Genetic Programming,1080,2400,48.7,64,
evolutionary-algorithms-nature-inspired-methods-evolution-strategies,Evolution Strategies,1080,2400,33.0,63,
evolutionary-algorithms-nature-inspired-methods-differential-evolution,Differential Evolution,1080,2400,32.6,64,
evolutionary-algorithms-nature-inspired-methods-particle-swarm-optimization,Particle Swarm Optimization,1080,2400,26.7,63,
evolutionary-algorithms-nature-inspired-methods-ant-colony-optimization,Ant Colony Optimization,1080,2400,49.5,63,
evolutionary-algorithms-nature-inspired-methods-artificial-bee-colony,Artificial Bee Colony,1080,2400,28.2,64,
evolutionary-algorithms-nature-inspired-methods-simulated-annealing,Simulated Annealing,1080,2400,39.4,64,
recommendation-algorithms-recommenders-popularity-based-recommendation,Popularity-Based Recommendation,1080,2400,54.7,63,
recommendation-algorithms-recommenders-content-based-filtering,Content-Based Filtering,1080,2400,52.2,64,
recommendation-algorithms-recommenders-user-based-collaborative-filtering,User-Based Collaborative Filtering,1080,2400,49.6,64,
recommendation-algorithms-recommenders-item-based-collaborative-filtering,Item-Based Collaborative Filtering,1080,2400,50.2,64,
recommendation-algorithms-recommenders-matrix-factorization,Matrix Factorization,1080,2400,53.0,63,
recommendation-algorithms-recommenders-svd,SVD,1080,2400,43.7,64,
recommendation-algorithms-recommenders-alternating-least-squares,Alternating Least Squares,1080,2400,52.3,64,
recommendation-algorithms-recommenders-neural-collaborative-filtering,Neural Collaborative Filtering,1080,2400,56.5,64,
recommendation-algorithms-recommenders-deep-recommendation-systems,Deep Recommendation Systems,1080,2400,54.2,64,
explainable-ai-explanation-methods-feature-importance,Feature Importance,1080,2400,53.1,63,
explainable-ai-explanation-methods-permutation-importance,Permutation Importance,1080,2400,46.6,63,
explainable-ai-explanation-methods-partial-dependence-plot,Partial Dependence Plot,1080,2400,24.6,64,
explainable-ai-explanation-methods-shap,SHAP,1080,2400,42.3,64,
explainable-ai-explanation-methods-lime,LIME,1080,2400,53.5,64,
explainable-ai-explanation-methods-saliency-maps,Saliency Maps,1080,2400,35.3,62,
explainable-ai-explanation-methods-grad-cam,Grad-CAM,1080,2400,39.3,64,
explainable-ai-explanation-methods-attention-visualization,Attention Visualization,1080,2400,37.5,64,
explainable-ai-explanation-methods-counterfactual-explanations,Counterfactual Explanations,1080,2400,41.6,64,
ai-algorithms-search-breadth-first-search,Breadth First Search,1080,2400,19.4,64,
ai-algorithms-search-bidirectional-search,Bidirectional Search,1080,2400,19.8,63,
ai-algorithms-search-beam-search,Beam Search,1080,2400,19.9,64,
ai-algorithms-search-monte-carlo-tree-search,Monte Carlo Tree Search,1080,2400,46.7,64,
ai-algorithms-search-alpha-beta-pruning,Alpha-Beta Pruning,1080,2400,20.0,64,
ai-algorithms-search-ai-depth-first-search,AI Depth First Search,1080,2400,19.4,64,
ai-algorithms-search-greedy-best-first-search,Greedy Best First Search,1080,2400,19.3,64,
ai-algorithms-search-minimax-search,Minimax Search,1080,2400,20.8,64,
ai-algorithms-search-uniform-cost-search,Uniform Cost Search,1080,2400,19.4,64,
ai-algorithms-search-iterative-deepening-depth-first-search,Iterative Deepening Depth First Search,1080,2400,21.6,64,
ai-algorithms-search-a-star-search,A Star Search,1080,2400,19.4,64,
ai-algorithms-search-simplified-memory-bounded-a-star-search,Simplified Memory-Bounded A Star Search,1080,2400,22.1,64,
ai-algorithms-search-hill-climbing-search,Hill Climbing Search,1080,2400,18.3,64,
ai-algorithms-search-local-beam-search,Local Beam Search,1080,2400,17.8,64,
ai-algorithms-probabilistic-graphs-inference-from-bayesian-network,Inference from Bayesian Network,1080,2400,21.4,64,
ai-algorithms-dynamic-programming-policy-iteration,Policy Iteration,1080,2400,22.9,64,same_body_fingerprint
ai-algorithms-dynamic-programming-value-iteration,Value Iteration,1080,2400,22.9,64,
